1,2,4
1,2,4
1,2,4
1,2,4
1004,1010
1005,1009
1003
1006,1011
1001
1008
1002,1007,1012
1004,1010
1005,1009
1003
1006,1011
1001
1008
1002,1007,1012
1004,1010
1005,1009
1003
1006,1011
1001
1008
1002,1007,1012
1004,1010
1005,1009
1003
1006,1011
1001
1008
1002,1007,1012
1004,1010
1005,1009
1003
1006,1011
1001
1008
1002,1007,1012
1004,1010
1005,1009
1003
1006,1011
1001
1008
1002,1007,1012
1004,1010
1005,1009
1003
1006,1011
1001
1008
1002,1007,1012
1004,1010
1005,1009
1003
1006,1011
1001
1008
1002,1007,1012
1004,1010
1005,1009
1003
1006,1011
1001
1008
1002,1007,1012
1004,1010
1005,1009
1003
1006,1011
1001
1008
1002,1007,1012
1004,1010
1005,1009
1003
1006,1011
1001
1008
1002,1007,1012
1004,1010
1005,1009
1003
1006,1011
1001
1008
1002,1007,1012
1004,1010
1005,1009
1003
1006,1011
1001
1008
1002,1007,1012
1004,1010
1005,1009
1003
1006,1011
1001
1008
1002,1007,1012
1004,1010
1005,1009
1003
1006,1011
1001
1008
1002,1007,1012
1004,1010
1005,1009
1003
1006,1011
1001
1008
1002,1007,1012
1004,1010
1005,1009
1003
1006,1011
1001
1008
1002,1007,1012
1004,1010
1005,1009
1003
1006,1011
1001
1008
1002,1007,1012
1004,1010
1005,1009
1003
1006,1011
1001
1008
1002,1007,1012
1004,1010
1005,1009
1003
1006,1011
1001
1008
1002,1007,1012
1004,1010
1005,1009
1003
1006,1011
1001
1008
1002,1007,1012
1004,1010
1005,1009
1003
1006,1011
1001
1008
1002,1007,1012
1004,1010
1005,1009
1003
1006,1011
1001
1008
1002,1007,1012
1004,1010
1005,1009
1003
1006,1011
1001
1008
1002,1007,1012
1004,1010
1005,1009
1003
1006,1011
1001
1008
1002,1007,1012
1004,1010
1005,1009
1003
1006,1011
1001
1008
1002,1007,1012
1004,1010
1005,1009
1003
1006,1011
1001
1008
1002,1007,1012
1004,1010
1005,1009
1003
1006,1011
1001
1008
1002,1007,1012
1004,1010
1005,1009
1003
1006,1011
1001
1008
1002,1007,1012
1004,1010
1005,1009
1003
1006,1011
1001
1008
1002,1007,1012
1004,1010
1005,1009
1003
1006,1011
1001
1008
1002,1007,1012
1004,1010
1005,1009
1003
1006,1011
1001
1008
1002,1007,1012
1004,1010
1005,1009
1003
1006,1011
1001
1008
1002,1007,1012
1004,1010
1005,1009
1003
1006,1011
1001
1008
1002,1007,1012
